{
  "model_results": {
    "Random Forest": {
      "accuracy": 0.9340659340659341,
      "f1_score": 0.9309115466102762,
      "precision": 0.9402729138992875,
      "recall": 0.9340659340659341,
      "roc_auc": 0.9999321252180792,
      "cv_mean": 0.9766367501180916,
      "cv_std": 0.008257399767521767
    },
    "Gradient Boosting": {
      "accuracy": 0.9175824175824175,
      "f1_score": 0.9153884711779449,
      "precision": 0.919860359420799,
      "recall": 0.9175824175824175,
      "roc_auc": 0.9921131008335721,
      "cv_mean": 0.9560415682569673,
      "cv_std": 0.00700324481961008
    },
    "SVM": {
      "accuracy": 1.0,
      "f1_score": 1.0,
      "precision": 1.0,
      "recall": 1.0,
      "roc_auc": 1.0,
      "cv_mean": 0.9972508266414739,
      "cv_std": 0.003367069105766793
    },
    "KNN": {
      "accuracy": 0.9340659340659341,
      "f1_score": 0.9291427117581589,
      "precision": 0.9517833800186741,
      "recall": 0.9340659340659341,
      "roc_auc": 0.9949841432009954,
      "cv_mean": 0.9286065186584789,
      "cv_std": 0.012542113989432958
    },
    "MLP": {
      "accuracy": 0.9945054945054945,
      "f1_score": 0.9944641060010426,
      "precision": 0.9945733279066613,
      "recall": 0.9945054945054945,
      "roc_auc": 0.9999461322990735,
      "cv_mean": 0.993112895606991,
      "cv_std": 0.0061684923243228475
    },
    "Stacking Ensemble": {
      "accuracy": 0.989010989010989,
      "f1_score": 0.989010989010989,
      "precision": 0.989010989010989,
      "recall": 0.989010989010989,
      "roc_auc": 0.9999113569478424,
      "cv_mean": 0.993112895606991,
      "cv_std": 0.0061684923243228475
    }
  },
  "training_samples": 728,
  "test_samples": 182,
  "n_features": 111,
  "n_classes": 7,
  "classes": [
    "Normal",
    "PTC",
    "FTC",
    "ATC",
    "MTC",
    "PDTC",
    "FA"
  ]
}