{
  "model_results": {
    "Random Forest": {
      "accuracy": 0.8604651162790697,
      "f1_score": 0.7987477638640429,
      "precision": 0.7497995188452286,
      "recall": 0.8604651162790697,
      "cv_mean": 0.8895798319327731,
      "cv_std": 0.0282462963758196
    },
    "SVM": {
      "accuracy": 0.9302325581395349,
      "f1_score": 0.897484575225439,
      "precision": 0.868515205724508,
      "recall": 0.9302325581395349,
      "cv_mean": 0.9186554621848739,
      "cv_std": 0.011316803945904156
    },
    "Gradient Boosting": {
      "accuracy": 0.8837209302325582,
      "f1_score": 0.8517809190859807,
      "precision": 0.8347176079734219,
      "recall": 0.8837209302325582,
      "cv_mean": 0.8077310924369747,
      "cv_std": 0.03695339335075447
    },
    "KNN": {
      "accuracy": 0.8372093023255814,
      "f1_score": 0.7986776105791153,
      "precision": 0.7923588039867109,
      "recall": 0.8372093023255814,
      "cv_mean": 0.9070588235294117,
      "cv_std": 0.03395457156080509
    },
    "MLP": {
      "accuracy": 0.9069767441860465,
      "f1_score": 0.8874418604651162,
      "precision": 0.9207579672695952,
      "recall": 0.9069767441860465,
      "cv_mean": 0.9184873949579831,
      "cv_std": 0.012223930451071046
    },
    "Stacking Ensemble": {
      "accuracy": 0.9302325581395349,
      "f1_score": 0.897484575225439,
      "precision": 0.868515205724508,
      "recall": 0.9302325581395349,
      "cv_mean": 0.9416806722689074,
      "cv_std": 0.02650244848008553
    }
  },
  "training_samples": 172,
  "test_samples": 43,
  "n_features": 61,
  "n_classes": 4,
  "classes": [
    "ATC",
    "FTC",
    "Normal",
    "PTC"
  ]
}